<?xml version="1.0" encoding="UTF-8"?>

<beans xmlns="http://www.springframework.org/schema/beans"
	xmlns:xsi="http://www.w3.org/2001/XMLSchema-instance"
	xmlns:context="http://www.springframework.org/schema/context"
	xsi:schemaLocation="http://www.springframework.org/schema/beans http://www.springframework.org/schema/beans/spring-beans.xsd
		http://www.springframework.org/schema/context http://www.springframework.org/schema/context/spring-context-4.3.xsd">
		<context:annotation-config></context:annotation-config>
        <bean id="emp" class="com.cg.spring.core.Employee" init-method="init" destroy-method="destroyBean">
        <constructor-arg name="id" value="123"></constructor-arg>
        <constructor-arg name="name" value="Sai Krishna Tej"></constructor-arg>
        <constructor-arg name="salary" value="21000"></constructor-arg>
        </bean>
        <bean id = "mgr" class="com.cg.spring.core.Manager">
        <property name="deptno" value="1011"></property>
        <property name="projectName" value= "HSBC"></property>
        <property name="projectCode" value="100128506"></property>
        </bean>
        <bean id="cust" class="com.cg.spring.core.beans.Customer">
        <property name="firstName" value="SaiKrishnaTej"></property>
        <property name="lastName" value="Kotipalli"></property>
        <property name="list">
        <list>
        <ref bean="addr"/>
        <ref bean="addr2"/>
        </list>
        </property>
        <property name="set">
        <set>
        <ref bean="addr3"/>
        </set>
        </property>
        <property name="map">
        <map>
        <entry key="1" value-ref="addr4"></entry>
        </map>
        </property>
        
      
        </bean>
        <bean id="addr" class="com.cg.spring.core.beans.Address">
        <property name="city" value="Hyderabad"></property>
        <property name="state" value="TS"></property>
        </bean>
        
        <bean id="addr2" class="com.cg.spring.core.beans.Address">
        <property name="city" value="Vizag"></property>
        <property name="state" value="AP"></property>
        </bean>
        
        <bean id="addr3" class="com.cg.spring.core.beans.Address">
        <property name="city" value="Mysore"></property>
        <property name="state" value="KN"></property>
        </bean>
        
        <bean id="addr4" class="com.cg.spring.core.beans.Address">
        <property name="city" value="Noida"></property>
        <property name="state" value="Delhi"></property>
        </bean>
        
</beans>
